ipk,sks,kehadiran,nilai_rata,jumlah_cuti,jumlah_mengulang,lama_studi_semester,status_kerja,organisasi,penghasilan_ortu,jalur_masuk
3.24,160,93.1,93.5,1,0,7,2,1,Tinggi,SNBT
2.45,90,88.4,82.8,1,1,7,0,1,Menengah,Mandiri
3.27,100,83.2,77.3,0,1,10,0,0,Rendah,SNBT
3.35,135,76.8,65.6,0,1,9,0,1,Rendah,Mandiri
2.94,152,92.0,84.1,1,0,6,1,1,Rendah,Mandiri
2.84,134,74.8,82.3,0,1,9,1,0,Menengah,SNBP
2.66,141,89.7,74.7,0,3,6,0,0,Menengah,SNBP
3.93,101,85.9,71.9,1,0,7,1,0,Menengah,SNBT
3.44,124,69.5,71.9,0,2,8,1,0,Menengah,SNBP
3.62,70,90.1,86.5,0,1,11,0,0,Rendah,SNBP
3.22,116,87.0,78.8,1,0,8,1,0,Rendah,Mandiri
3.28,94,84.5,93.4,1,1,8,1,1,Tinggi,SNBT
3.56,103,85.7,74.8,1,2,8,0,1,Rendah,Mandiri
3.26,101,83.4,80.9,0,3,6,0,1,Tinggi,SNBT
3.28,102,89.8,77.3,0,1,8,0,1,Rendah,SNBP
3.65,117,86.8,74.0,1,0,6,1,0,Menengah,SNBP
3.52,92,78.2,85.1,0,0,8,2,0,Menengah,SNBT
3.53,98,100.0,80.8,2,1,9,0,1,Menengah,SNBT
2.6,150,84.3,65.6,0,3,8,0,1,Rendah,SNBT
2.56,126,84.3,77.0,0,2,7,1,0,Menengah,SNBT
2.44,92,69.0,72.3,1,1,10,0,1,Menengah,SNBT
3.0,142,69.5,77.0,0,0,9,0,0,Menengah,SNBP
3.3,116,78.2,78.2,1,1,6,0,1,Menengah,SNBT
2.97,127,75.8,74.2,0,0,9,0,0,Tinggi,Mandiri
2.37,143,76.4,90.7,0,4,6,0,1,Menengah,Mandiri
2.67,106,78.2,74.7,1,1,9,0,0,Menengah,Mandiri
3.53,110,84.2,93.8,1,1,8,0,0,Rendah,SNBP
3.31,119,57.5,77.5,0,1,9,0,1,Menengah,SNBP
2.37,99,81.7,78.4,0,1,8,0,1,Rendah,SNBP
3.49,123,92.2,79.8,2,1,6,1,1,Menengah,Mandiri
3.13,142,83.0,76.6,1,0,10,0,1,Rendah,SNBT
3.39,103,81.4,75.8,0,0,7,0,1,Menengah,SNBP
3.15,114,76.3,63.3,0,2,10,1,1,Tinggi,SNBT
3.07,127,77.4,73.5,0,1,9,0,0,Menengah,Mandiri
2.9,103,73.7,93.4,0,1,8,1,0,Rendah,SNBT
2.9,114,83.4,75.5,0,2,8,0,0,Tinggi,SNBP
2.58,52,100.0,73.3,2,1,8,0,0,Menengah,Mandiri
3.03,127,81.3,85.1,0,2,7,1,1,Menengah,SNBT
2.6,131,66.5,65.4,0,1,6,0,0,Menengah,Mandiri
2.92,147,85.0,82.7,0,0,9,0,0,Tinggi,SNBT
3.09,108,98.0,77.5,1,0,8,0,0,Rendah,Mandiri
3.07,123,87.2,90.9,0,1,7,1,1,Rendah,Mandiri
2.37,145,83.0,66.2,0,2,6,0,0,Rendah,Mandiri
3.26,146,96.4,86.9,0,5,9,0,0,Menengah,SNBP
3.66,74,91.2,75.3,0,0,9,0,0,Tinggi,SNBP
2.93,147,73.1,72.2,1,1,6,0,1,Menengah,SNBP
3.12,107,100.0,63.3,0,1,7,1,1,Menengah,SNBT
3.46,113,100.0,67.9,0,3,8,0,0,Tinggi,SNBT
2.58,133,89.4,76.1,0,2,6,0,1,Tinggi,SNBT
2.76,134,91.8,54.6,0,0,7,0,0,Rendah,SNBT
2.24,132,88.0,82.8,0,1,7,1,1,Menengah,Mandiri
2.65,123,79.0,71.8,0,1,9,1,0,Menengah,SNBT
2.95,122,69.8,63.6,0,0,6,0,0,Tinggi,SNBP
3.83,78,75.3,72.7,1,0,7,1,1,Menengah,SNBP
3.15,83,67.2,81.7,1,1,8,0,1,Rendah,SNBT
2.97,109,86.2,77.1,0,0,10,0,0,Tinggi,Mandiri
3.32,153,93.2,72.6,0,2,10,0,1,Rendah,SNBP
2.89,110,82.7,81.4,0,0,6,0,0,Menengah,Mandiri
2.99,66,91.0,81.0,0,1,7,0,1,Tinggi,SNBT
3.16,108,99.2,79.8,0,0,6,0,0,Menengah,SNBP
3.18,157,88.3,77.1,0,1,7,0,1,Rendah,SNBP
3.28,128,70.0,87.1,3,1,10,0,0,Rendah,Mandiri
3.93,133,95.5,73.1,0,1,7,2,1,Tinggi,Mandiri
2.69,46,84.3,69.2,0,1,7,2,1,Tinggi,SNBT
2.42,93,89.0,81.7,0,1,8,0,0,Menengah,SNBT
2.97,160,91.0,63.0,0,1,7,0,1,Menengah,SNBT
2.88,124,90.1,81.6,0,1,8,0,0,Rendah,SNBT
2.8,124,84.5,72.6,0,0,7,0,1,Rendah,Mandiri
2.46,103,100.0,76.6,1,2,6,0,0,Menengah,Mandiri
2.07,124,72.1,79.1,0,0,9,0,0,Rendah,SNBP
2.72,103,79.5,73.8,0,1,7,0,0,Rendah,SNBT
2.39,138,74.4,64.9,1,0,9,1,0,Rendah,SNBP
2.51,125,84.7,78.1,0,1,8,2,1,Menengah,SNBP
3.44,110,86.9,74.8,1,1,8,2,0,Rendah,SNBT
3.28,126,86.9,76.4,0,1,7,0,1,Menengah,Mandiri
2.63,112,87.9,81.0,2,0,7,0,0,Menengah,SNBT
3.2,160,93.8,78.5,1,0,7,0,0,Rendah,SNBT
3.08,93,91.4,82.6,1,0,9,1,0,Tinggi,SNBP
3.15,127,82.0,80.6,1,0,7,1,1,Tinggi,SNBP
3.21,131,90.9,90.0,1,0,6,0,0,Menengah,SNBT
3.28,101,98.4,57.7,0,2,7,0,0,Menengah,SNBP
2.81,117,94.5,87.5,0,2,9,1,0,Tinggi,Mandiri
3.21,113,82.7,82.7,1,1,7,0,0,Menengah,SNBT
2.97,122,81.8,67.5,0,0,8,0,0,Rendah,SNBP
2.8,101,80.0,79.9,1,0,8,0,0,Rendah,Mandiri
4.0,144,62.6,80.4,0,1,8,0,0,Rendah,SNBP
3.42,132,91.2,85.5,0,2,10,0,1,Tinggi,SNBT
3.03,114,69.8,90.7,0,0,6,1,1,Rendah,SNBT
3.1,148,99.6,85.2,0,0,7,0,1,Tinggi,SNBT
2.83,78,81.9,72.2,0,1,6,0,1,Menengah,SNBT
2.86,119,86.5,79.8,0,0,6,0,1,Rendah,SNBP
3.39,110,80.3,87.8,0,1,8,0,1,Menengah,Mandiri
2.88,149,95.7,77.3,0,1,8,0,0,Rendah,SNBT
2.44,97,89.7,95.5,0,1,6,0,0,Tinggi,SNBT
2.79,146,91.6,86.7,0,2,7,0,0,Tinggi,SNBT
3.37,154,87.3,94.7,0,1,6,1,1,Rendah,SNBT
2.9,149,85.2,84.3,0,0,11,0,0,Rendah,Mandiri
3.03,119,98.6,74.7,0,1,10,0,1,Rendah,SNBP
3.67,160,78.1,76.3,1,1,8,0,1,Menengah,Mandiri
3.84,96,83.2,71.7,0,0,7,2,0,Menengah,Mandiri
2.76,130,79.6,66.5,0,1,8,0,1,Tinggi,Mandiri
3.23,160,77.8,73.5,0,2,8,0,0,Menengah,SNBT
2.36,148,87.7,88.3,0,1,8,0,1,Menengah,SNBP
3.85,142,85.8,62.2,0,2,8,0,0,Rendah,SNBP
3.42,103,76.8,71.1,0,1,11,1,0,Menengah,Mandiri
2.59,73,82.5,64.0,0,0,9,1,0,Rendah,SNBT
3.57,160,75.8,71.3,0,1,8,1,0,Tinggi,Mandiri
2.96,79,78.7,84.6,0,3,9,0,0,Tinggi,SNBP
3.63,135,84.8,81.9,0,1,8,1,1,Menengah,Mandiri
2.54,126,79.0,88.0,0,0,6,1,1,Rendah,SNBP
3.69,158,72.4,82.1,1,1,7,0,0,Tinggi,SNBT
2.76,104,84.5,86.2,1,0,9,1,1,Rendah,Mandiri
3.12,104,81.7,81.6,0,1,8,0,0,Menengah,Mandiri
2.31,129,85.9,82.3,0,1,6,0,0,Tinggi,SNBT
3.21,101,72.0,70.9,1,1,10,0,0,Tinggi,SNBP
3.75,88,70.5,88.5,0,1,8,0,1,Menengah,SNBP
3.03,141,85.4,75.6,0,2,9,1,1,Menengah,SNBT
3.25,147,90.3,92.1,0,0,8,0,0,Rendah,Mandiri
2.8,119,94.1,80.8,0,2,7,0,0,Menengah,SNBT
2.56,160,87.1,86.1,0,1,7,1,1,Rendah,Mandiri
2.83,96,79.6,84.6,2,2,9,1,0,Rendah,Mandiri
2.61,154,81.4,82.2,0,0,6,1,1,Tinggi,Mandiri
2.49,106,99.8,85.8,1,1,6,1,1,Menengah,Mandiri
3.57,80,94.2,83.2,0,0,8,0,0,Tinggi,SNBT
2.44,127,71.4,73.1,0,1,6,0,0,Rendah,SNBP
2.86,112,85.5,76.8,0,1,6,1,0,Menengah,Mandiri
3.83,134,75.9,81.3,0,3,6,1,0,Menengah,SNBT
2.89,149,85.7,62.2,0,0,9,0,1,Tinggi,SNBT
2.95,114,90.8,100.0,1,3,10,1,1,Menengah,SNBP
2.66,138,85.3,86.8,0,1,6,0,0,Menengah,Mandiri
3.25,119,78.9,78.4,1,0,6,1,1,Tinggi,Mandiri
2.89,108,89.7,97.9,1,1,6,1,1,Menengah,Mandiri
2.86,149,93.7,79.6,1,1,7,0,0,Menengah,Mandiri
2.54,111,100.0,81.4,0,2,8,0,1,Tinggi,SNBT
3.26,95,71.2,83.5,0,1,6,0,0,Tinggi,SNBT
2.85,121,73.6,81.4,1,1,10,0,0,Menengah,SNBP
3.51,102,91.0,68.6,0,1,6,0,1,Rendah,SNBT
3.09,142,81.8,78.8,1,2,10,0,0,Tinggi,SNBP
3.18,94,100.0,80.9,1,0,7,2,1,Rendah,SNBP
3.34,160,76.5,60.3,2,0,9,0,1,Menengah,SNBP
3.81,154,75.9,87.5,0,0,7,1,1,Tinggi,Mandiri
3.49,141,80.2,72.9,0,0,8,2,1,Rendah,SNBP
3.97,156,96.2,64.5,1,1,10,0,0,Menengah,Mandiri
2.89,75,97.1,82.1,1,0,8,0,1,Menengah,SNBP
3.04,114,88.9,74.8,1,1,9,1,0,Rendah,Mandiri
2.83,112,89.6,82.4,0,1,7,0,0,Menengah,SNBP
2.52,160,91.7,64.2,0,2,8,1,0,Menengah,SNBT
2.34,117,84.2,88.2,1,2,10,0,0,Menengah,SNBP
2.37,91,82.4,75.1,0,1,8,0,0,Tinggi,SNBP
2.99,129,89.8,81.6,2,1,6,1,1,Rendah,SNBP
2.75,124,78.4,92.4,0,1,8,0,0,Tinggi,Mandiri
2.93,111,90.8,67.3,0,1,6,1,1,Tinggi,SNBT
2.42,127,95.0,81.0,0,1,9,0,0,Menengah,SNBT
2.69,114,89.8,79.3,1,0,9,2,1,Menengah,SNBT
2.46,76,84.0,73.8,1,1,6,0,1,Rendah,SNBT
3.1,160,88.6,79.7,0,0,9,0,1,Tinggi,SNBP
2.73,135,87.1,73.9,0,3,7,0,1,Menengah,SNBT
2.92,107,83.8,70.0,0,0,7,0,1,Rendah,Mandiri
2.63,118,89.6,65.6,1,0,8,0,1,Tinggi,SNBT
2.66,132,73.5,79.4,0,0,6,0,0,Rendah,SNBT
3.13,98,68.6,70.8,0,1,10,0,1,Tinggi,SNBT
2.31,97,87.5,75.3,0,1,8,1,1,Rendah,SNBP
3.96,100,80.4,65.5,0,1,8,2,0,Tinggi,Mandiri
3.07,124,93.9,96.5,1,1,9,1,0,Menengah,SNBT
2.74,152,73.2,75.1,0,0,7,0,0,Menengah,Mandiri
3.26,116,82.7,85.8,1,1,6,1,1,Tinggi,SNBT
3.28,86,83.7,86.5,1,1,10,0,1,Menengah,SNBP
3.05,119,71.3,67.9,0,1,7,1,0,Rendah,SNBP
2.84,103,70.9,79.5,0,0,8,0,0,Menengah,SNBP
2.19,147,89.8,68.6,1,0,6,1,0,Menengah,SNBP
3.01,149,90.6,79.3,1,2,6,2,1,Rendah,Mandiri
3.43,145,100.0,68.8,1,0,6,0,1,Rendah,SNBT
2.28,116,86.7,77.2,0,0,7,0,1,Rendah,SNBP
2.71,90,74.0,88.4,0,0,11,0,0,Rendah,SNBP
3.04,121,89.4,79.6,0,1,6,0,0,Menengah,SNBP
3.02,122,71.5,82.0,0,0,9,1,0,Rendah,SNBP
3.43,79,90.0,92.5,0,0,8,2,0,Menengah,Mandiri
2.57,110,100.0,57.2,0,1,6,2,0,Menengah,SNBT
3.62,117,90.1,74.9,1,2,6,0,0,Menengah,Mandiri
3.69,134,71.5,64.5,1,2,6,0,0,Menengah,SNBT
3.29,160,92.3,79.5,0,0,10,1,1,Tinggi,Mandiri
3.05,97,100.0,86.5,1,2,6,0,1,Menengah,SNBP
2.47,118,75.1,72.0,0,2,7,0,1,Tinggi,Mandiri
3.21,84,92.9,80.8,0,1,6,0,0,Menengah,SNBP
2.93,114,66.2,65.5,1,1,6,0,1,Tinggi,Mandiri
2.48,132,75.4,61.3,0,0,6,0,0,Tinggi,SNBP
3.29,112,91.5,78.3,0,1,7,0,0,Tinggi,Mandiri
2.91,129,100.0,89.3,0,1,8,0,0,Menengah,SNBP
3.37,133,86.4,83.5,0,0,6,0,0,Menengah,SNBP
2.68,85,91.9,83.4,0,1,6,1,0,Menengah,SNBP
3.4,102,88.7,77.0,0,1,8,1,1,Menengah,Mandiri
3.67,111,70.6,62.3,1,1,6,0,0,Menengah,SNBT
3.09,133,79.7,78.4,0,0,7,0,1,Menengah,SNBP
2.73,150,100.0,77.7,0,1,8,1,0,Tinggi,Mandiri
3.38,119,77.9,80.6,0,0,8,2,0,Rendah,SNBT
3.15,118,86.5,84.2,0,1,8,0,0,Tinggi,SNBP
2.11,141,80.5,76.0,0,2,10,2,0,Menengah,SNBT
3.32,149,88.2,71.2,0,0,8,0,0,Menengah,SNBT
3.23,102,99.8,71.8,0,1,10,2,0,Menengah,Mandiri
2.55,122,100.0,81.0,0,1,10,0,0,Rendah,Mandiri
3.34,115,66.2,71.4,1,1,8,1,1,Menengah,SNBP
2.81,145,88.1,84.0,0,1,8,0,1,Menengah,SNBP
2.49,119,82.0,74.9,0,2,7,0,0,Menengah,SNBT
3.5,117,64.0,76.7,1,0,7,0,0,Rendah,SNBT
3.67,113,97.7,74.7,0,3,7,2,1,Menengah,Mandiri
3.39,59,75.7,60.5,0,1,10,1,1,Menengah,SNBP
3.09,117,69.8,90.9,0,1,7,1,1,Rendah,Mandiri
3.37,154,76.9,74.9,0,1,6,0,0,Tinggi,SNBT
3.37,110,87.7,65.9,0,0,8,0,0,Menengah,Mandiri
2.73,133,86.8,82.6,0,2,7,1,0,Tinggi,Mandiri
2.91,123,92.4,81.1,0,2,8,1,1,Tinggi,SNBP
3.1,86,87.3,75.0,0,1,8,1,0,Rendah,SNBP
3.03,93,97.4,86.5,0,1,6,0,0,Menengah,Mandiri
3.22,103,75.7,71.6,2,1,6,0,1,Rendah,SNBP
3.15,152,82.7,71.5,3,0,7,0,1,Menengah,SNBT
3.46,160,93.5,67.2,0,1,7,1,0,Menengah,SNBP
2.74,48,85.5,76.7,0,0,7,1,0,Rendah,SNBP
2.47,127,90.6,81.7,0,2,9,1,1,Rendah,SNBT
2.63,124,92.0,83.6,0,1,8,0,0,Rendah,Mandiri
2.88,130,77.2,69.1,0,0,10,0,1,Menengah,SNBP
3.39,103,78.6,94.4,0,1,6,1,0,Menengah,SNBT
3.86,106,94.7,73.0,0,3,8,0,1,Menengah,SNBT
2.3,130,87.5,76.9,1,1,9,0,1,Menengah,SNBT
3.13,121,91.7,86.3,0,1,7,0,1,Menengah,SNBP
2.63,78,96.4,72.4,0,2,9,0,1,Menengah,SNBP
2.99,152,84.7,72.1,0,1,6,0,1,Menengah,Mandiri
1.89,104,100.0,89.0,0,2,6,1,1,Rendah,SNBT
3.07,133,85.2,62.9,0,0,8,0,0,Menengah,SNBP
2.58,134,82.7,71.6,0,1,10,0,1,Rendah,Mandiri
3.01,124,74.1,78.1,0,3,6,0,1,Tinggi,SNBP
2.76,128,88.9,86.5,0,1,8,0,0,Menengah,Mandiri
3.14,112,99.0,70.4,0,0,9,0,0,Rendah,SNBT
3.04,118,88.3,63.5,1,2,6,0,1,Rendah,SNBT
2.32,131,78.5,77.7,0,0,8,0,0,Rendah,SNBT
3.16,151,92.8,71.3,0,1,7,1,0,Rendah,SNBP
3.13,160,72.4,69.7,0,1,9,0,0,Rendah,Mandiri
2.78,99,100.0,72.1,2,2,9,0,0,Menengah,SNBT
2.41,83,76.7,72.3,0,0,7,1,1,Menengah,SNBT
4.0,121,97.2,68.2,1,1,8,1,0,Tinggi,SNBP
2.64,110,86.1,78.1,0,0,6,1,1,Menengah,SNBT
3.02,158,91.1,94.5,0,1,9,0,1,Rendah,Mandiri
2.98,115,66.8,94.1,0,0,9,0,0,Tinggi,SNBP
3.48,70,77.8,92.8,0,0,7,0,1,Menengah,SNBT
2.75,89,93.7,83.4,1,1,7,1,1,Menengah,SNBT
2.55,121,84.9,86.8,0,0,6,0,1,Rendah,SNBP
3.31,160,94.0,74.6,0,0,7,0,0,Menengah,SNBT
2.67,104,82.4,63.4,1,0,8,0,1,Rendah,SNBP
3.1,114,78.3,79.9,0,2,8,0,0,Tinggi,Mandiri
2.99,158,82.1,85.3,0,2,6,0,1,Tinggi,Mandiri
2.71,128,94.3,83.5,0,3,8,0,0,Menengah,SNBP
3.31,100,67.1,79.7,2,2,10,0,1,Menengah,SNBP
2.71,124,100.0,78.7,1,2,6,2,0,Rendah,Mandiri
3.09,122,79.4,74.7,0,3,9,2,1,Menengah,SNBT
3.47,132,95.9,89.6,0,2,10,1,1,Tinggi,SNBT
3.03,125,78.6,75.0,0,3,9,0,0,Menengah,Mandiri
3.19,85,97.7,91.1,0,0,10,1,1,Tinggi,SNBT
2.96,111,83.1,58.9,1,0,6,1,0,Menengah,SNBT
2.78,132,76.7,62.3,2,1,7,1,0,Tinggi,SNBT
2.88,141,84.8,82.2,1,1,7,1,0,Menengah,SNBT
3.16,118,94.7,67.8,0,0,7,1,0,Menengah,SNBT
2.62,119,80.2,73.6,0,1,6,0,0,Rendah,Mandiri
3.44,93,88.4,76.7,0,1,9,2,1,Rendah,SNBT
2.48,120,100.0,79.5,0,1,6,1,0,Rendah,Mandiri
2.86,160,99.3,75.5,0,1,8,0,0,Menengah,SNBP
3.08,84,93.7,76.8,1,2,9,0,0,Menengah,Mandiri
3.34,129,85.4,79.1,0,1,8,1,1,Menengah,SNBT
2.33,101,87.8,71.5,0,0,6,1,0,Menengah,SNBT
3.25,122,80.1,81.7,1,1,6,1,0,Tinggi,Mandiri
2.26,109,95.7,80.1,1,2,7,1,0,Rendah,SNBT
3.17,136,100.0,79.2,0,1,9,1,1,Rendah,SNBP
3.57,120,91.1,82.3,0,0,7,0,1,Menengah,SNBP
2.7,132,78.4,75.7,0,1,9,0,1,Rendah,SNBT
2.79,152,68.9,77.3,0,1,11,0,0,Rendah,SNBT
2.75,117,76.0,72.2,1,2,12,1,1,Rendah,Mandiri
2.55,128,75.5,61.5,0,0,9,0,0,Menengah,Mandiri
3.12,115,82.8,81.5,0,0,7,1,1,Menengah,SNBP
2.59,92,73.7,69.6,0,1,10,0,1,Rendah,Mandiri
2.99,77,87.9,65.7,0,0,10,2,0,Tinggi,SNBT
3.7,147,100.0,68.6,0,1,7,0,0,Menengah,SNBT
2.92,113,64.2,89.1,0,0,7,2,0,Tinggi,SNBP
2.98,115,90.5,71.0,0,0,9,0,1,Menengah,SNBT
2.78,89,78.9,63.2,0,2,6,2,1,Rendah,SNBT
4.0,97,71.6,87.2,0,1,9,2,0,Menengah,Mandiri
2.37,147,95.2,71.3,1,1,7,1,1,Menengah,SNBT
2.73,129,73.5,79.1,0,1,7,1,0,Menengah,Mandiri
4.0,121,94.0,71.5,1,1,8,1,0,Menengah,Mandiri
3.39,94,69.4,86.5,0,1,7,0,0,Menengah,SNBT
3.04,157,83.6,79.9,0,0,6,0,0,Menengah,Mandiri
2.92,92,78.6,66.9,0,3,8,1,0,Menengah,SNBT
2.12,86,89.6,90.0,1,2,8,0,1,Menengah,SNBP
2.87,146,85.8,78.2,0,1,7,0,0,Tinggi,Mandiri
3.0,112,85.3,83.8,0,0,6,0,0,Menengah,Mandiri
2.46,116,75.8,68.1,1,2,6,1,0,Rendah,SNBP
2.94,157,93.3,79.0,0,1,9,0,1,Tinggi,SNBP
2.77,105,75.6,85.6,0,1,6,0,1,Tinggi,SNBP
2.98,160,82.7,76.4,0,2,7,2,0,Menengah,Mandiri
3.37,126,91.5,68.8,0,0,6,2,1,Menengah,Mandiri
3.3,72,69.8,72.3,0,0,7,0,1,Rendah,SNBT
2.89,134,82.7,77.2,0,0,10,0,1,Rendah,Mandiri
3.18,141,71.0,60.9,0,1,6,1,0,Rendah,SNBP
2.59,125,75.8,73.8,0,2,7,0,1,Menengah,SNBP
3.01,106,95.1,82.0,0,2,9,0,0,Rendah,SNBT
2.98,148,83.1,75.8,0,0,10,0,1,Menengah,SNBP
2.95,150,87.1,96.2,0,2,9,1,1,Menengah,SNBP
3.37,133,90.0,69.9,0,0,6,0,1,Rendah,SNBT
3.37,96,86.9,75.3,1,1,10,1,0,Rendah,Mandiri
3.08,96,100.0,73.0,1,0,9,0,0,Tinggi,Mandiri
2.61,122,84.4,74.8,0,1,9,0,0,Rendah,SNBT
3.29,97,72.6,75.4,0,1,7,0,0,Menengah,SNBP
2.95,105,93.7,79.4,0,1,8,0,0,Tinggi,SNBT
2.53,160,82.2,84.5,0,3,10,0,0,Menengah,SNBP
3.54,134,82.1,81.4,0,1,7,1,0,Menengah,SNBT
2.81,129,90.3,77.7,2,0,7,0,0,Rendah,SNBP
2.78,139,93.5,80.5,0,0,8,0,1,Tinggi,SNBT
2.9,105,87.8,74.3,0,0,6,1,0,Rendah,SNBP
2.85,120,100.0,74.0,0,0,9,0,0,Menengah,SNBT
2.77,160,62.0,69.1,0,1,10,0,1,Tinggi,SNBP
3.08,123,87.4,73.2,0,1,6,0,0,Menengah,SNBT
4.0,132,75.0,68.3,0,1,9,0,0,Tinggi,SNBT
3.15,104,79.4,87.0,0,0,8,1,0,Menengah,SNBT
2.75,65,90.0,80.2,0,2,10,0,0,Menengah,SNBP
2.64,129,79.5,76.5,0,0,8,0,0,Menengah,Mandiri
3.71,92,97.5,68.6,0,2,8,1,0,Rendah,SNBT
3.09,110,77.3,77.5,0,3,7,1,0,Rendah,SNBT
2.54,96,74.3,87.4,0,0,7,0,0,Tinggi,SNBP
2.94,143,83.6,71.1,0,0,10,2,0,Menengah,Mandiri
3.52,96,74.1,78.0,0,0,7,1,0,Rendah,SNBT
2.14,115,79.6,68.7,1,0,8,0,1,Rendah,SNBP
2.75,122,81.1,71.8,2,1,8,1,0,Menengah,SNBT
2.56,111,100.0,71.4,0,1,6,0,1,Rendah,Mandiri
2.54,103,82.4,65.8,0,1,8,0,0,Menengah,SNBT
2.72,66,99.2,75.7,0,0,6,2,1,Rendah,SNBP
3.71,132,92.6,71.2,0,0,10,0,0,Rendah,Mandiri
3.23,84,81.9,85.2,0,5,7,1,0,Menengah,SNBT
3.76,95,100.0,78.3,0,3,8,0,1,Rendah,Mandiri
2.68,98,93.2,78.1,0,1,8,0,0,Menengah,SNBT
3.37,107,81.8,92.5,0,1,6,1,0,Rendah,SNBT
3.22,154,78.2,62.7,0,2,7,2,0,Menengah,SNBT
3.23,113,73.5,94.4,0,1,7,0,1,Menengah,SNBT
3.03,121,80.6,65.7,0,1,8,2,0,Rendah,SNBP
2.65,160,80.1,59.5,1,0,7,0,1,Menengah,SNBP
3.38,140,76.9,80.7,0,1,10,0,1,Rendah,SNBT
3.03,130,85.2,77.7,1,1,8,0,1,Menengah,Mandiri
3.02,131,92.5,75.4,1,1,7,0,0,Menengah,Mandiri
2.98,144,70.9,79.7,1,1,9,2,1,Rendah,SNBT
2.82,116,100.0,93.6,1,0,6,1,1,Rendah,SNBP
2.99,105,97.1,73.2,0,0,6,1,0,Tinggi,SNBT
2.61,132,94.8,83.4,0,0,6,0,0,Menengah,SNBP
3.29,118,76.8,72.1,0,1,8,2,0,Rendah,SNBT
3.47,74,83.5,74.4,1,0,10,0,1,Tinggi,SNBP
3.44,119,88.0,84.1,0,0,8,0,1,Rendah,Mandiri
2.73,119,85.9,88.2,0,1,8,0,1,Tinggi,SNBT
2.44,103,71.9,80.7,0,1,11,0,1,Rendah,Mandiri
2.74,103,79.9,76.8,0,0,6,1,1,Rendah,SNBP
2.52,142,83.2,69.2,2,2,6,0,0,Rendah,Mandiri
3.69,98,89.6,72.9,0,2,9,0,1,Rendah,SNBT
3.21,123,74.1,88.8,0,1,6,0,0,Tinggi,Mandiri
2.89,128,93.2,82.6,0,1,7,1,1,Menengah,SNBP
3.73,117,67.2,71.0,0,0,7,1,0,Rendah,Mandiri
3.19,73,91.0,82.7,0,3,7,0,0,Tinggi,Mandiri
2.76,90,91.8,74.4,0,1,6,0,0,Menengah,Mandiri
2.95,138,79.2,86.7,0,0,9,0,0,Tinggi,Mandiri
1.79,115,81.3,80.1,0,0,6,1,1,Tinggi,SNBP
1.81,141,90.5,76.9,0,1,6,0,1,Rendah,SNBP
3.06,134,65.9,74.8,0,2,8,0,1,Tinggi,SNBT
3.15,94,95.8,73.4,0,1,7,0,0,Tinggi,Mandiri
2.8,115,86.0,85.6,2,0,7,0,1,Menengah,SNBP
3.43,120,93.9,84.9,0,2,6,1,0,Menengah,SNBT
1.96,104,100.0,77.4,0,2,6,0,1,Rendah,Mandiri
2.37,160,74.9,77.5,0,1,7,0,1,Menengah,SNBT
2.25,153,86.8,88.4,1,1,8,1,1,Menengah,SNBP
3.69,103,81.9,93.1,0,0,9,1,0,Rendah,Mandiri
2.52,110,73.5,85.3,1,0,6,0,0,Menengah,Mandiri
2.85,110,87.6,68.9,0,0,7,0,1,Tinggi,SNBP
3.8,115,89.5,88.4,0,1,7,1,1,Menengah,SNBT
2.25,150,86.8,82.0,0,2,6,1,0,Menengah,SNBP
3.14,130,99.5,61.2,0,1,6,1,1,Menengah,Mandiri
3.13,151,79.1,86.7,0,0,6,2,1,Menengah,SNBP
3.52,85,90.0,74.3,1,1,7,0,1,Rendah,Mandiri
2.75,101,96.1,88.5,0,0,6,2,1,Tinggi,SNBT
3.27,113,95.5,80.5,0,0,8,0,0,Menengah,Mandiri
3.64,145,97.2,75.1,0,0,9,0,0,Rendah,Mandiri
2.59,154,91.2,72.2,0,3,6,2,0,Menengah,SNBT
2.4,125,84.7,70.3,1,0,6,0,1,Tinggi,SNBP
3.42,160,86.8,66.9,0,1,9,1,1,Rendah,SNBP
3.05,126,88.4,79.7,0,1,6,0,0,Tinggi,SNBP
3.08,104,91.7,82.4,1,0,7,1,0,Rendah,SNBP
2.78,142,58.6,83.1,1,1,6,0,1,Menengah,SNBP
2.97,127,80.4,79.4,1,0,6,0,0,Rendah,SNBT
3.26,160,85.2,76.9,0,2,7,0,0,Menengah,SNBP
2.89,95,93.5,83.9,0,1,8,0,0,Menengah,Mandiri
3.27,108,81.1,79.1,0,1,7,1,1,Rendah,SNBP
3.1,112,86.6,84.8,0,0,6,0,0,Rendah,SNBP
3.44,123,93.9,89.2,0,1,6,0,1,Rendah,Mandiri
2.99,149,98.8,73.1,1,1,7,2,0,Rendah,Mandiri
3.09,114,97.3,84.9,0,0,7,2,0,Tinggi,SNBT
2.6,142,79.5,84.5,0,0,8,0,0,Rendah,SNBP
2.69,104,85.2,54.7,0,2,6,0,1,Rendah,SNBP
3.1,85,92.9,61.8,1,3,7,0,0,Menengah,SNBP
3.79,158,69.4,76.8,1,1,6,2,0,Menengah,SNBT
2.0,119,73.9,80.3,0,4,7,1,0,Rendah,SNBT
3.44,119,100.0,70.3,0,0,7,0,1,Tinggi,SNBP
3.08,145,71.7,70.3,0,3,6,0,0,Rendah,SNBT
3.48,95,65.7,68.5,1,1,8,0,0,Menengah,SNBT
3.28,126,82.0,71.7,0,0,7,0,1,Menengah,SNBT
2.75,127,96.8,72.2,0,1,7,1,0,Tinggi,SNBP
3.17,123,97.4,81.6,0,2,8,2,0,Rendah,Mandiri
3.81,76,91.8,76.3,1,3,8,1,0,Rendah,SNBP
3.7,87,87.0,91.1,0,0,7,1,1,Rendah,Mandiri
3.31,160,95.1,77.7,0,1,7,0,1,Menengah,SNBP
3.12,115,80.9,80.1,1,0,9,0,1,Menengah,SNBP
2.9,134,93.9,67.3,0,1,6,1,1,Rendah,SNBT
3.81,116,79.3,62.9,0,0,6,0,1,Menengah,SNBP
2.54,138,92.5,79.8,0,1,7,0,0,Menengah,SNBT
3.15,148,76.1,91.2,1,0,6,0,1,Tinggi,SNBP
2.81,148,88.9,88.7,0,2,6,0,0,Rendah,SNBP
3.01,115,83.4,77.4,0,2,8,0,0,Rendah,SNBT
2.64,75,99.9,94.4,2,2,6,0,0,Tinggi,SNBT
3.53,158,88.9,67.7,0,1,6,1,0,Rendah,Mandiri
3.71,142,85.0,81.9,0,0,8,0,1,Rendah,Mandiri
2.43,128,83.7,82.8,1,1,6,0,1,Menengah,SNBT
3.32,127,92.6,88.2,2,1,8,1,1,Tinggi,Mandiri
2.75,152,90.0,78.2,1,1,11,1,0,Menengah,Mandiri
2.75,160,93.3,81.9,0,0,8,1,1,Tinggi,SNBT
2.77,150,77.2,74.9,0,0,8,0,0,Menengah,SNBT
3.09,94,86.7,79.3,0,1,9,0,1,Menengah,SNBT
2.12,83,79.9,79.4,0,3,10,0,0,Rendah,Mandiri
3.29,110,100.0,86.0,0,0,9,0,1,Tinggi,SNBT
3.29,142,80.5,90.2,1,0,9,0,0,Rendah,SNBT
4.0,114,84.5,77.6,1,0,7,0,0,Menengah,SNBT
3.08,106,75.5,68.0,0,1,9,1,0,Menengah,SNBP
2.63,127,84.2,82.9,1,1,6,1,1,Rendah,SNBP
2.77,147,76.4,70.4,0,0,11,0,0,Rendah,Mandiri
3.39,86,89.6,83.7,0,0,8,0,1,Menengah,SNBP
2.6,138,94.9,70.4,0,0,8,1,0,Menengah,SNBP
2.83,125,69.6,80.1,1,2,6,0,1,Tinggi,SNBP
2.5,148,88.9,77.3,0,0,7,1,0,Menengah,SNBT
3.17,122,73.3,67.0,0,0,10,0,1,Menengah,SNBT
2.45,137,70.3,75.9,1,1,7,0,0,Menengah,SNBT
3.4,142,89.2,91.4,0,2,7,0,0,Rendah,SNBT
3.43,160,76.7,68.0,0,0,9,0,0,Tinggi,SNBT
3.48,114,96.2,81.6,1,0,8,0,0,Menengah,SNBT
2.04,160,88.4,79.7,0,0,6,0,0,Menengah,SNBT
3.52,108,82.6,84.7,1,1,9,0,1,Menengah,SNBT
3.52,113,87.5,79.8,0,1,9,0,1,Rendah,SNBT
2.87,109,97.0,82.4,1,0,7,0,0,Rendah,SNBP
2.62,136,75.4,95.3,0,2,9,0,1,Menengah,SNBT
2.71,100,71.7,72.1,0,1,6,0,1,Rendah,Mandiri
2.36,130,72.6,82.4,0,0,8,1,0,Menengah,Mandiri
3.09,147,76.8,66.5,0,0,9,2,1,Menengah,Mandiri
2.07,110,90.8,85.0,0,0,9,0,0,Menengah,SNBP
2.61,160,73.7,80.2,0,1,8,0,0,Rendah,SNBT
3.15,142,85.6,66.2,0,2,6,0,1,Menengah,SNBT
3.24,160,82.8,85.0,0,0,8,1,1,Rendah,Mandiri
3.11,129,82.0,74.8,1,3,8,0,0,Menengah,Mandiri
2.35,56,80.2,75.7,1,1,6,0,0,Menengah,SNBP
3.17,112,87.1,81.7,0,0,9,0,0,Rendah,SNBT
2.39,80,80.8,88.6,0,1,7,0,1,Menengah,SNBP
2.55,143,100.0,86.3,0,0,8,0,0,Menengah,Mandiri
2.56,104,92.3,100.0,0,2,9,0,0,Rendah,Mandiri
3.01,120,88.0,69.9,0,3,8,0,1,Menengah,Mandiri
2.96,116,100.0,67.5,1,1,7,0,0,Rendah,SNBP
2.14,102,75.6,66.8,0,2,9,0,1,Menengah,SNBT
3.94,132,100.0,80.1,1,0,6,0,0,Rendah,SNBP
2.76,155,84.4,81.9,1,2,9,0,0,Rendah,SNBP
3.61,103,99.1,78.4,0,1,9,2,0,Rendah,SNBT
2.01,117,94.6,84.1,0,1,7,0,1,Rendah,Mandiri
2.99,125,83.4,75.7,0,0,8,0,0,Rendah,Mandiri
2.65,127,82.3,66.6,1,2,6,0,1,Rendah,Mandiri
2.76,160,54.8,63.0,0,2,10,0,0,Rendah,SNBT
2.44,160,62.9,86.7,0,1,8,0,0,Menengah,SNBT
2.38,121,75.4,70.4,1,1,11,2,1,Menengah,SNBP
2.89,129,87.1,67.3,0,1,7,2,1,Menengah,SNBP
3.61,92,79.2,80.6,0,4,10,1,1,Menengah,Mandiri
3.35,160,87.5,81.6,0,2,6,0,1,Rendah,SNBT
2.83,106,94.2,71.5,1,1,6,0,0,Menengah,Mandiri
3.68,107,72.7,82.7,0,3,8,0,1,Rendah,Mandiri
2.23,112,76.2,79.2,1,3,7,0,0,Rendah,Mandiri
3.16,122,76.7,68.3,0,1,8,0,1,Rendah,Mandiri
3.7,91,100.0,87.9,0,1,8,0,0,Rendah,SNBP
3.1,126,84.2,78.3,0,0,6,1,1,Rendah,SNBT
3.01,146,81.4,70.1,1,1,6,2,0,Tinggi,Mandiri
3.17,139,95.2,69.1,0,3,6,0,0,Rendah,SNBT
2.64,116,96.3,86.6,1,1,6,0,0,Rendah,SNBP
3.7,144,79.3,81.5,1,2,9,0,0,Tinggi,SNBP
2.91,131,93.9,78.0,0,1,8,1,0,Menengah,SNBP
2.41,160,70.0,77.4,0,3,6,1,1,Menengah,SNBP
3.24,106,94.4,74.2,1,1,6,0,0,Tinggi,SNBT
2.29,100,90.4,82.5,0,0,8,1,1,Menengah,SNBT
2.5,150,88.5,78.6,0,0,6,1,0,Rendah,Mandiri
2.77,118,100.0,65.2,0,1,7,0,1,Menengah,Mandiri
2.38,134,88.4,75.1,0,1,8,0,1,Rendah,Mandiri
3.4,151,65.8,65.2,0,1,8,0,1,Menengah,SNBT
2.61,145,92.9,76.5,0,2,10,0,1,Tinggi,SNBT
3.04,118,92.2,78.6,0,1,8,0,0,Rendah,SNBP
3.46,129,84.9,86.5,2,1,8,0,0,Menengah,SNBP
3.08,130,96.0,78.6,1,0,8,0,0,Menengah,SNBT
2.96,87,91.9,90.7,0,1,9,2,1,Rendah,SNBP
2.62,133,80.7,85.1,0,2,9,1,1,Tinggi,SNBT
3.27,139,74.6,68.6,0,0,6,0,0,Menengah,SNBT
2.68,125,84.4,65.1,1,0,7,2,1,Rendah,Mandiri
3.06,93,83.1,75.2,0,0,7,0,0,Rendah,Mandiri
2.98,121,85.9,79.6,0,1,6,2,1,Menengah,SNBP
3.24,134,100.0,58.1,0,1,7,1,0,Menengah,Mandiri
3.11,135,77.7,86.1,0,2,7,1,0,Menengah,SNBP
2.9,114,81.1,76.9,0,1,10,0,0,Rendah,Mandiri
2.66,110,94.2,73.3,1,0,8,0,0,Tinggi,SNBT
3.34,146,83.1,91.2,1,0,8,1,1,Menengah,SNBT
3.69,131,97.4,91.6,0,0,6,1,0,Menengah,SNBT
3.95,70,70.5,83.1,0,0,6,1,0,Menengah,SNBP
2.8,144,100.0,81.5,0,1,7,1,0,Menengah,SNBP
3.75,155,82.8,76.5,0,1,6,1,1,Rendah,SNBT
3.04,94,82.7,88.2,1,0,8,0,1,Tinggi,SNBT
3.03,121,99.2,71.2,1,3,6,0,1,Rendah,SNBT
3.28,89,92.0,69.3,1,0,9,1,1,Tinggi,Mandiri
2.64,122,92.0,67.0,0,1,9,1,1,Menengah,Mandiri
3.99,91,90.5,83.9,0,2,6,0,0,Rendah,SNBT
3.51,128,100.0,82.4,1,1,7,2,1,Menengah,SNBP
3.03,130,94.4,81.0,0,2,6,0,1,Menengah,Mandiri
3.61,100,73.1,78.0,0,2,7,0,0,Menengah,SNBP
2.89,119,82.6,68.2,0,1,9,0,1,Tinggi,SNBT
3.11,130,89.9,69.8,0,0,7,1,0,Rendah,SNBP
3.32,152,91.2,77.8,0,0,7,0,1,Menengah,SNBP
2.52,120,78.1,74.7,1,1,8,0,0,Rendah,SNBP
2.99,133,100.0,86.8,1,1,9,0,1,Menengah,SNBT
2.65,97,97.4,79.0,0,0,9,1,0,Rendah,Mandiri
3.76,81,85.3,70.6,0,2,9,0,0,Rendah,Mandiri
2.59,113,81.5,78.3,0,2,9,0,0,Rendah,Mandiri
3.03,112,93.5,80.9,1,0,10,1,0,Rendah,Mandiri
2.78,108,76.7,67.0,0,1,7,0,0,Menengah,SNBT
2.82,138,95.4,71.1,0,0,6,2,0,Menengah,SNBT
2.53,129,87.4,75.0,0,0,8,1,0,Tinggi,SNBT
2.55,108,99.0,71.3,0,0,7,1,1,Rendah,SNBP
3.18,95,96.1,67.2,0,0,6,0,0,Menengah,SNBT
2.61,143,97.4,77.5,0,3,6,1,1,Menengah,SNBP
3.26,99,79.7,60.4,1,1,9,1,0,Tinggi,Mandiri
3.14,129,79.9,80.0,0,0,6,0,1,Menengah,SNBT
3.11,160,77.3,67.7,1,1,8,1,1,Menengah,Mandiri
2.56,57,73.9,73.1,1,2,8,1,0,Menengah,SNBT
2.98,138,68.9,80.3,0,3,6,2,1,Rendah,SNBT
2.83,129,76.3,72.3,0,1,11,0,1,Tinggi,SNBT
3.01,139,85.4,75.6,0,1,8,0,1,Menengah,SNBP
2.27,160,89.2,76.4,0,0,8,1,0,Tinggi,Mandiri
2.39,137,68.0,76.4,0,1,6,0,1,Rendah,SNBP
2.68,144,66.3,84.2,0,0,7,2,1,Menengah,Mandiri
2.74,101,95.4,79.1,0,0,9,0,0,Menengah,SNBT
3.23,103,88.6,84.6,1,0,7,1,0,Tinggi,Mandiri
3.65,103,100.0,82.6,0,2,8,1,0,Rendah,SNBP
3.33,160,78.1,82.9,1,1,9,2,0,Menengah,SNBT
3.96,99,72.9,67.8,0,2,10,1,0,Rendah,Mandiri
2.76,104,75.5,80.5,0,2,6,0,1,Rendah,Mandiri
2.08,140,74.8,88.8,0,1,9,1,1,Menengah,Mandiri
2.86,160,79.6,66.7,0,1,6,0,0,Rendah,SNBT
2.51,141,84.6,87.7,0,0,9,2,1,Rendah,SNBT
2.64,114,89.6,79.3,1,0,6,0,1,Menengah,Mandiri
3.15,125,88.7,95.0,0,1,8,2,0,Rendah,SNBP
3.05,127,77.7,70.1,1,0,7,0,0,Rendah,Mandiri
2.71,108,80.8,94.8,0,1,12,1,0,Rendah,SNBP
2.66,125,79.5,69.9,0,0,8,1,1,Rendah,Mandiri
2.89,124,91.8,83.3,0,1,6,1,1,Tinggi,SNBP
2.49,160,72.4,89.6,0,1,7,0,0,Menengah,Mandiri
3.37,112,100.0,72.0,0,1,8,1,0,Rendah,Mandiri
3.51,125,59.4,86.4,0,0,7,1,1,Menengah,SNBP
3.53,99,83.1,76.4,0,2,12,0,1,Menengah,SNBP
3.0,149,79.5,79.6,0,0,8,0,0,Tinggi,SNBT
2.56,150,74.1,70.7,0,0,9,0,0,Menengah,SNBP
2.41,129,80.0,83.6,0,0,10,1,1,Rendah,SNBT
2.86,112,80.3,83.9,0,1,9,1,0,Rendah,Mandiri
2.3,128,89.4,77.3,0,2,7,1,0,Rendah,Mandiri
3.15,133,87.6,68.4,1,1,6,0,1,Rendah,SNBT
3.34,151,87.7,92.3,0,0,8,0,0,Menengah,SNBP
3.06,160,91.7,83.9,0,1,6,0,0,Rendah,SNBP
2.63,156,71.8,73.7,2,1,6,0,0,Menengah,SNBP
2.23,132,80.6,67.7,1,2,9,1,1,Menengah,SNBP
2.71,160,93.9,93.3,1,1,10,0,1,Menengah,SNBP
4.0,98,76.6,74.3,1,1,9,0,1,Rendah,SNBT
1.91,143,76.5,89.6,0,2,7,1,0,Menengah,SNBT
2.68,138,91.2,77.2,0,0,7,1,0,Menengah,SNBT
2.33,115,76.8,83.7,0,2,6,0,1,Menengah,SNBT
2.7,134,80.9,79.5,0,1,6,1,0,Tinggi,SNBP
2.28,160,100.0,75.1,1,1,9,0,1,Menengah,SNBP
2.97,121,89.0,78.4,0,2,8,1,0,Rendah,Mandiri
3.28,124,83.1,85.8,0,1,6,0,0,Rendah,Mandiri
2.5,111,95.3,71.4,0,2,8,0,0,Rendah,SNBP
3.34,116,88.3,81.8,0,2,11,1,0,Rendah,SNBP
2.36,160,71.9,87.2,0,2,8,0,1,Menengah,SNBT
2.25,75,75.7,92.9,1,0,9,0,1,Menengah,SNBP
2.52,84,72.0,83.5,0,0,7,1,0,Rendah,SNBT
2.71,84,81.1,90.2,0,0,6,1,0,Menengah,SNBT
2.7,157,81.4,82.6,0,2,7,0,1,Rendah,SNBP
2.68,135,100.0,70.7,0,1,7,1,0,Menengah,SNBT
3.14,90,95.6,73.8,0,1,6,1,0,Menengah,SNBP
3.11,137,78.7,67.7,1,0,6,0,1,Menengah,SNBT
2.85,142,87.6,87.6,0,1,6,2,0,Menengah,Mandiri
3.48,80,84.9,75.3,0,4,8,2,0,Menengah,SNBP
3.81,119,87.6,61.4,0,1,6,0,1,Rendah,SNBP
3.68,115,87.3,96.2,0,2,9,0,1,Tinggi,Mandiri
3.15,104,93.3,67.0,1,1,6,1,0,Menengah,Mandiri
2.35,135,80.1,71.0,1,2,8,1,1,Menengah,Mandiri
3.34,91,73.7,66.7,0,1,8,0,0,Rendah,SNBP
2.8,122,69.0,74.7,0,0,7,0,1,Menengah,SNBP
3.21,160,81.8,78.9,0,1,9,1,0,Menengah,SNBT
2.79,115,78.5,80.3,1,0,9,0,1,Menengah,SNBP
2.79,124,71.8,72.4,0,0,10,1,0,Menengah,SNBT
2.58,121,89.7,72.6,2,0,8,0,1,Menengah,SNBT
3.31,135,92.4,89.0,0,0,9,1,1,Menengah,SNBP
3.06,150,84.2,83.2,0,0,6,1,0,Menengah,SNBP
3.54,142,87.2,69.1,0,3,6,0,0,Tinggi,SNBT
3.04,108,73.8,81.2,0,1,6,0,0,Rendah,Mandiri
3.47,105,89.6,70.9,0,0,10,1,0,Menengah,SNBP
3.09,116,79.7,74.4,0,1,6,0,0,Rendah,SNBT
3.21,95,70.8,68.4,0,2,7,1,0,Tinggi,SNBT
2.21,113,81.7,86.8,0,3,9,2,1,Tinggi,Mandiri
3.05,138,77.0,77.9,0,0,8,0,0,Menengah,SNBT
2.15,110,86.1,79.5,0,0,6,1,0,Menengah,SNBP
3.15,125,83.5,87.8,1,0,8,0,1,Rendah,Mandiri
2.27,130,83.2,83.6,0,2,7,0,0,Tinggi,SNBT
2.32,150,72.5,80.9,0,1,6,0,0,Menengah,SNBT
2.89,93,74.1,71.5,1,1,8,0,0,Menengah,SNBP
2.66,143,87.7,76.8,2,3,9,1,0,Rendah,SNBP
3.36,147,100.0,74.1,0,1,9,2,0,Rendah,SNBT
2.69,117,90.2,69.4,0,2,7,1,1,Menengah,SNBT
3.17,101,80.1,76.2,0,0,7,0,1,Rendah,SNBT
2.76,129,77.6,68.4,0,0,6,0,1,Rendah,Mandiri
2.77,149,79.7,87.8,1,2,8,0,0,Menengah,Mandiri
2.88,118,76.5,70.1,0,1,6,0,1,Menengah,SNBP
2.2,128,94.0,67.2,0,0,7,1,0,Menengah,SNBP
2.73,119,83.2,80.9,0,3,6,1,0,Tinggi,SNBP
3.05,111,93.1,76.2,0,1,6,0,0,Tinggi,SNBT
3.16,111,91.0,79.1,0,2,6,0,0,Rendah,Mandiri
3.2,125,73.9,79.5,0,1,6,1,0,Menengah,SNBT
2.65,111,65.4,78.6,0,0,8,1,0,Rendah,Mandiri
3.38,160,91.9,85.5,0,1,6,0,0,Menengah,SNBT
2.44,84,96.9,93.5,0,0,7,0,1,Tinggi,SNBT
3.26,96,81.9,91.0,0,2,6,2,0,Rendah,SNBT
3.08,143,77.4,94.3,0,1,6,1,1,Menengah,Mandiri
3.15,66,94.3,77.3,0,1,6,2,0,Tinggi,SNBP
3.28,134,93.5,84.7,0,0,13,0,1,Menengah,Mandiri
3.04,160,82.5,83.8,0,0,8,0,1,Menengah,Mandiri
3.08,108,80.9,79.3,0,0,8,1,0,Tinggi,SNBP
3.65,122,82.4,80.9,1,1,7,0,1,Menengah,SNBT
3.16,106,87.9,77.1,0,1,10,2,1,Tinggi,Mandiri
2.67,125,82.0,76.5,0,2,10,0,0,Rendah,Mandiri
2.76,97,81.7,79.4,0,0,9,1,0,Tinggi,SNBT
3.27,101,87.5,69.8,0,1,9,2,0,Menengah,Mandiri
2.75,124,83.1,86.3,0,1,6,1,1,Rendah,Mandiri
3.43,102,93.8,91.3,0,1,6,1,0,Menengah,SNBT
3.37,99,77.0,87.9,0,2,9,0,0,Tinggi,SNBT
3.23,157,85.9,71.6,0,0,8,0,0,Menengah,SNBP
2.64,160,87.6,72.2,0,0,9,1,1,Rendah,Mandiri
3.1,104,100.0,96.3,1,2,6,0,0,Tinggi,SNBP
2.92,48,83.6,75.3,0,1,7,1,1,Rendah,SNBT
2.73,113,93.1,58.1,0,1,10,1,1,Tinggi,SNBT
2.88,135,78.9,70.2,0,3,6,2,0,Menengah,SNBP
2.36,97,88.2,75.0,0,1,7,0,0,Menengah,SNBT
3.01,96,67.9,79.4,0,0,6,0,1,Menengah,Mandiri
3.65,108,81.9,69.4,0,1,7,0,0,Menengah,Mandiri
2.98,104,82.6,70.2,0,1,10,0,0,Menengah,SNBT
2.98,106,88.7,86.1,0,1,6,0,0,Menengah,SNBT
2.78,160,94.8,58.1,0,1,6,1,0,Rendah,SNBP
2.78,89,88.6,79.2,0,0,6,0,0,Tinggi,Mandiri
2.99,106,81.3,78.6,0,1,10,0,0,Rendah,SNBP
3.58,129,88.3,70.5,1,2,6,1,1,Menengah,SNBP
2.91,127,79.4,89.7,0,0,8,1,1,Menengah,Mandiri
3.99,104,80.9,82.0,0,2,7,1,0,Rendah,Mandiri
3.59,154,85.5,61.0,1,0,6,0,1,Rendah,SNBT
3.51,99,100.0,69.5,0,1,8,0,0,Menengah,SNBP
2.16,127,78.5,84.1,0,1,7,0,0,Menengah,SNBT
3.16,140,98.4,86.6,0,0,7,0,1,Tinggi,SNBT
2.99,152,93.9,61.3,0,3,6,1,0,Menengah,SNBP
3.35,118,87.0,89.5,0,1,10,2,1,Rendah,SNBP
2.93,138,71.3,78.6,0,1,6,1,1,Tinggi,SNBP
2.17,117,89.1,72.3,0,1,7,1,0,Menengah,SNBT
2.82,111,80.8,77.0,0,0,6,1,1,Rendah,SNBT
4.0,160,85.0,81.6,0,1,8,0,1,Menengah,Mandiri
3.09,146,67.3,76.3,0,1,8,0,1,Tinggi,Mandiri
2.74,117,83.7,81.5,0,0,9,2,0,Rendah,SNBP
3.04,102,88.5,68.3,1,2,9,0,1,Tinggi,SNBT
3.26,88,72.5,87.5,0,1,6,0,0,Rendah,Mandiri
2.93,103,87.0,76.1,0,2,9,0,0,Rendah,SNBT
2.23,113,79.9,91.6,1,0,7,0,1,Menengah,SNBT
3.23,96,59.7,70.0,0,0,9,1,1,Menengah,SNBT
2.86,112,78.8,70.1,0,1,6,0,1,Menengah,SNBT
3.32,105,83.3,77.2,0,1,7,0,0,Menengah,Mandiri
3.73,113,83.7,82.6,0,1,7,2,1,Tinggi,Mandiri
3.37,107,95.6,78.5,0,1,7,0,0,Menengah,Mandiri
3.1,82,96.0,91.0,0,0,7,0,0,Tinggi,SNBP
2.94,148,90.5,95.7,1,2,6,0,1,Menengah,Mandiri
2.57,160,90.7,80.0,2,4,7,0,1,Rendah,SNBP
2.82,112,80.9,78.4,0,1,8,2,0,Menengah,Mandiri
3.47,133,72.1,88.2,0,1,8,0,0,Menengah,SNBT
3.05,128,91.3,100.0,0,1,7,0,0,Rendah,Mandiri
3.14,107,65.0,55.3,1,0,6,0,0,Menengah,SNBP
3.11,118,68.7,67.8,0,1,11,1,1,Menengah,SNBT
2.76,113,80.5,62.4,1,2,8,0,0,Rendah,Mandiri
2.67,139,79.2,66.2,1,2,8,1,0,Tinggi,SNBT
3.39,133,91.8,81.4,0,0,9,0,1,Tinggi,SNBT
4.0,90,81.4,69.6,0,0,8,0,1,Tinggi,SNBP
3.7,121,90.5,84.7,0,0,10,1,0,Menengah,Mandiri
3.47,60,93.5,88.1,0,0,9,1,0,Menengah,SNBT
2.89,126,84.3,73.8,0,1,7,0,1,Rendah,SNBP
2.72,121,85.4,80.6,1,1,8,0,1,Menengah,SNBP
3.84,102,81.2,68.1,0,1,10,1,1,Menengah,SNBT
2.56,135,62.8,81.4,0,2,7,0,0,Tinggi,Mandiri
2.57,132,84.3,72.5,0,0,6,1,0,Menengah,SNBT
2.63,124,89.1,70.2,0,1,7,0,1,Rendah,SNBP
3.85,132,80.4,90.2,1,0,8,0,1,Menengah,Mandiri
3.2,102,59.0,87.5,0,0,10,0,0,Rendah,SNBT
2.62,110,83.0,70.7,0,0,6,1,0,Menengah,SNBP
3.28,101,80.1,63.8,0,1,7,0,1,Menengah,SNBT
2.28,93,77.8,81.9,0,0,8,2,0,Menengah,SNBT
2.68,142,96.2,61.6,0,1,8,0,1,Rendah,SNBP
3.37,131,100.0,67.8,0,0,7,0,0,Tinggi,SNBT
3.04,81,91.2,84.2,0,4,7,1,0,Rendah,SNBP
3.46,106,71.5,91.9,1,2,9,0,0,Rendah,Mandiri
2.79,136,85.0,87.3,1,1,6,1,1,Menengah,SNBP
3.11,147,68.6,75.2,1,0,10,1,0,Menengah,Mandiri
2.77,128,92.2,74.7,0,1,6,0,1,Rendah,SNBT
2.84,106,82.7,85.2,0,1,7,1,1,Menengah,SNBT
2.63,104,90.0,67.1,0,2,7,0,1,Rendah,SNBP
3.38,112,77.3,80.5,0,1,6,1,0,Tinggi,SNBT
2.45,70,91.7,81.8,0,1,10,0,0,Menengah,Mandiri
3.27,123,88.3,85.0,0,1,7,0,0,Menengah,Mandiri
3.48,109,92.7,71.6,2,3,6,0,0,Menengah,SNBT
2.87,129,86.4,61.0,0,2,7,1,0,Rendah,SNBP
3.65,85,86.6,89.6,0,0,9,0,1,Menengah,SNBT
2.9,111,85.0,87.6,0,1,6,0,1,Tinggi,Mandiri
2.84,137,79.1,76.5,0,1,6,0,0,Menengah,SNBP
3.09,140,100.0,64.5,0,0,6,0,0,Tinggi,Mandiri
2.75,144,75.0,70.5,0,0,8,0,1,Menengah,SNBT
2.32,95,90.9,92.6,0,1,6,1,0,Rendah,SNBT
2.63,103,95.5,80.7,0,1,10,0,1,Rendah,Mandiri
3.14,132,100.0,86.0,0,0,10,0,1,Tinggi,SNBT
3.13,106,100.0,77.3,1,0,8,0,0,Rendah,SNBP
2.79,124,70.5,66.9,0,2,10,2,1,Tinggi,SNBT
4.0,128,78.4,79.2,0,0,7,1,0,Menengah,SNBT
2.16,80,93.6,79.8,0,0,7,0,0,Menengah,SNBT
3.49,116,98.2,70.1,0,3,6,1,0,Rendah,SNBT
2.36,143,93.6,73.9,1,0,7,0,0,Rendah,Mandiri
2.22,160,93.3,73.3,0,1,7,1,1,Menengah,SNBT
3.49,140,100.0,81.6,0,0,7,0,0,Tinggi,SNBP
2.4,117,78.5,75.4,0,1,6,2,1,Menengah,Mandiri
3.85,135,76.0,67.7,0,1,8,0,0,Rendah,SNBT
2.9,95,62.9,71.8,2,1,6,0,0,Tinggi,SNBT
2.42,160,74.7,77.0,0,0,8,1,0,Tinggi,SNBT
2.8,123,78.6,81.4,0,3,6,1,0,Tinggi,SNBT
3.68,138,83.8,82.4,0,0,9,1,1,Rendah,SNBT
2.65,114,99.5,69.8,1,2,7,1,1,Menengah,SNBP
2.68,130,80.8,72.3,0,0,7,0,0,Tinggi,Mandiri
3.66,133,85.6,87.6,1,1,7,0,1,Menengah,SNBT
2.65,103,80.6,64.7,0,0,9,1,1,Rendah,Mandiri
3.59,120,91.7,75.1,1,0,8,1,1,Menengah,SNBT
3.83,127,80.0,82.3,0,0,7,0,0,Menengah,Mandiri
2.73,107,75.4,87.5,1,1,9,1,1,Menengah,Mandiri
3.33,135,99.8,63.7,0,1,6,0,0,Tinggi,SNBT
3.72,160,89.1,93.2,1,1,6,0,0,Menengah,SNBT
2.72,152,89.1,75.0,0,1,7,0,0,Menengah,Mandiri
3.85,134,72.4,79.3,0,1,10,0,0,Menengah,Mandiri
3.29,123,89.7,90.0,0,0,6,1,0,Rendah,Mandiri
2.52,136,90.1,70.1,0,0,9,1,1,Menengah,SNBT
3.37,134,72.6,81.8,0,0,9,2,0,Menengah,SNBP
2.38,112,64.1,69.2,0,2,7,0,1,Menengah,SNBT
2.43,136,75.7,76.1,0,0,9,2,0,Menengah,Mandiri
2.79,82,75.0,79.3,0,1,9,0,1,Menengah,Mandiri
3.17,137,84.5,73.6,0,1,6,1,0,Rendah,SNBP
3.22,130,84.6,96.4,1,0,7,0,1,Menengah,SNBT
3.03,132,71.7,73.7,1,0,9,0,1,Tinggi,SNBP
2.69,137,82.9,84.0,0,3,8,1,1,Menengah,SNBP
3.28,160,77.4,74.7,1,1,6,2,1,Rendah,Mandiri
3.08,80,86.9,65.7,0,0,8,0,1,Menengah,SNBP
2.72,124,88.9,89.4,1,0,7,2,1,Rendah,SNBP
3.01,77,68.9,66.3,1,0,12,0,0,Menengah,Mandiri
3.13,119,74.9,79.9,0,2,7,0,1,Rendah,Mandiri
3.16,123,100.0,79.5,0,0,8,0,0,Menengah,SNBP
2.77,130,72.8,80.5,1,1,6,0,1,Rendah,Mandiri
3.41,145,79.9,77.5,1,1,9,1,1,Rendah,SNBT
2.59,111,91.4,74.4,0,2,7,1,0,Rendah,Mandiri
3.23,159,84.0,77.1,1,0,9,1,1,Rendah,SNBT
2.45,159,100.0,81.6,0,1,7,1,0,Rendah,SNBP
3.23,115,99.5,79.1,0,0,7,0,0,Menengah,SNBT
3.02,89,92.4,93.2,1,3,8,0,0,Rendah,Mandiri
3.56,114,78.0,86.2,0,3,8,0,0,Rendah,SNBP
2.91,150,82.2,77.6,0,2,9,0,0,Rendah,Mandiri
3.05,130,86.8,74.9,0,0,7,0,0,Menengah,Mandiri
2.29,86,82.2,81.8,0,2,6,0,0,Menengah,Mandiri
2.64,131,89.3,80.5,1,1,7,0,0,Rendah,SNBT
3.12,70,74.3,82.7,0,0,8,0,0,Rendah,Mandiri
2.68,145,78.8,64.9,1,1,7,1,0,Menengah,SNBP
3.79,160,85.2,88.8,0,0,6,0,0,Tinggi,SNBT
2.77,116,82.2,74.8,0,3,7,1,0,Menengah,SNBT
3.1,119,79.6,73.8,0,2,7,0,0,Rendah,SNBP
2.75,56,83.8,85.7,0,0,8,1,0,Menengah,SNBP
3.5,109,91.9,89.1,0,0,7,0,1,Menengah,SNBT
4.0,115,91.0,83.5,0,1,9,1,1,Menengah,SNBT
3.79,125,83.1,79.8,0,2,8,1,1,Menengah,Mandiri
3.13,145,76.6,80.6,0,0,8,0,1,Tinggi,Mandiri
3.3,92,90.3,79.1,0,0,8,0,0,Rendah,SNBP
2.42,115,89.6,82.2,0,1,8,0,0,Rendah,SNBP
3.82,123,78.5,77.4,0,1,6,0,0,Rendah,Mandiri
3.31,92,84.4,89.1,0,0,7,0,0,Menengah,Mandiri
